{"cameraMode":{"drawMode":0,"name":"Shaded","section":"Shading Mode"},"sceneLighting":true,"audioPlay":false,"sceneViewState":{"showFog":true,"showMaterialUpdate":false,"showSkybox":true,"showFlares":true,"showImageEffects":true,"showParticleSystems":true},"in2DMode":false,"pivot":{"x":-0.7480320334434509,"y":0.8159131407737732,"z":-1.162735939025879},"rotation":{"x":0.34341269731521609,"y":-0.09664914011955261,"z":0.03568796068429947,"w":0.9335688948631287},"size":0.09370972216129303,"orthographic":false}