{"cameraMode":{"drawMode":0,"name":"Shaded","section":"Shading Mode"},"sceneLighting":false,"audioPlay":false,"sceneViewState":{"showFog":true,"showMaterialUpdate":false,"showSkybox":false,"showFlares":true,"showImageEffects":true,"showParticleSystems":true},"in2DMode":false,"pivot":{"x":0.0,"y":-0.029513858258724214,"z":-1.4901161193847657e-8},"rotation":{"x":-0.003995322156697512,"y":-0.9907498955726624,"z":0.030040808022022249,"w":-0.13244415819644929},"size":0.4576790928840637,"orthographic":false}