{"cameraMode":{"drawMode":0,"name":"Shaded","section":"Shading Mode"},"sceneLighting":false,"audioPlay":false,"sceneViewState":{"showFog":true,"showMaterialUpdate":false,"showSkybox":false,"showFlares":true,"showImageEffects":true,"showParticleSystems":true},"in2DMode":false,"pivot":{"x":0.0,"y":-0.04216265678405762,"z":-1.4901161193847657e-8},"rotation":{"x":0.05560300126671791,"y":0.4344230890274048,"z":-0.026907257735729219,"w":0.898612916469574},"size":0.6538273096084595,"orthographic":false}