{"cameraMode":{"drawMode":0,"name":"Shaded","section":"Shading Mode"},"sceneLighting":false,"audioPlay":false,"sceneViewState":{"showFog":true,"showMaterialUpdate":false,"showSkybox":false,"showFlares":true,"showImageEffects":true,"showParticleSystems":true},"in2DMode":false,"pivot":{"x":-0.07732817530632019,"y":0.3491249680519104,"z":-0.3801445960998535},"rotation":{"x":0.28978586196899416,"y":0.04304599389433861,"z":-0.013047813437879086,"w":0.956034243106842},"size":0.14165884256362916,"orthographic":false}