{"cameraMode":{"drawMode":0,"name":"Shaded","section":"Shading Mode"},"sceneLighting":true,"audioPlay":false,"sceneViewState":{"showFog":true,"showMaterialUpdate":false,"showSkybox":true,"showFlares":true,"showImageEffects":true,"showParticleSystems":true},"in2DMode":false,"pivot":{"x":-0.8084554672241211,"y":1.5123703479766846,"z":2.223560333251953},"rotation":{"x":0.23835156857967378,"y":0.09335936605930329,"z":-0.023057395592331888,"w":0.966424286365509},"size":3.8547651767730715,"orthographic":false}