{"cameraMode":{"drawMode":0,"name":"Shaded","section":"Shading Mode"},"sceneLighting":false,"audioPlay":false,"sceneViewState":{"showFog":true,"showMaterialUpdate":false,"showSkybox":false,"showFlares":true,"showImageEffects":true,"showParticleSystems":true},"in2DMode":false,"pivot":{"x":0.06671142578125,"y":0.998443603515625,"z":0.0063629150390625},"rotation":{"x":-0.034685537219047549,"y":0.7165355682373047,"z":-0.035719383507966998,"w":-0.6957747936248779},"size":0.30348339676856997,"orthographic":true}