{"cameraMode":{"drawMode":0,"name":"Shaded","section":"Shading Mode"},"sceneLighting":false,"audioPlay":false,"sceneViewState":{"showFog":true,"showMaterialUpdate":false,"showSkybox":false,"showFlares":true,"showImageEffects":true,"showParticleSystems":true},"in2DMode":false,"pivot":{"x":0.0,"y":8.700825691223145,"z":-2.9802322387695315e-8},"rotation":{"x":0.23835156857967378,"y":0.09335936605930329,"z":-0.023057395592331888,"w":0.966424286365509},"size":1.059273362159729,"orthographic":false}