{"cameraMode":{"drawMode":0,"name":"Shaded","section":"Shading Mode"},"sceneLighting":true,"audioPlay":false,"sceneViewState":{"showFog":true,"showMaterialUpdate":false,"showSkybox":true,"showFlares":true,"showImageEffects":true,"showParticleSystems":true},"in2DMode":false,"pivot":{"x":0.18067215383052827,"y":1.1991404294967652,"z":-3.274242877960205},"rotation":{"x":0.07637293636798859,"y":-0.03708537667989731,"z":0.002839146414771676,"w":0.9963938593864441},"size":0.29309549927711489,"orthographic":false}