{"cameraMode":{"drawMode":0,"name":"Shaded","section":"Shading Mode"},"sceneLighting":false,"audioPlay":false,"sceneViewState":{"showFog":true,"showMaterialUpdate":false,"showSkybox":false,"showFlares":true,"showImageEffects":true,"showParticleSystems":true},"in2DMode":false,"pivot":{"x":-0.0005520433187484741,"y":0.5911657810211182,"z":-0.30112531781196597},"rotation":{"x":-0.03149475157260895,"y":0.0026924132835119964,"z":-0.00008499863179167733,"w":-0.9995028376579285},"size":1.080923318862915,"orthographic":false}