{"cameraMode":{"drawMode":0,"name":"Shaded","section":"Shading Mode"},"sceneLighting":true,"audioPlay":false,"sceneViewState":{"showFog":true,"showMaterialUpdate":false,"showSkybox":true,"showFlares":true,"showImageEffects":true,"showParticleSystems":true},"in2DMode":false,"pivot":{"x":0.3506515324115753,"y":2.2452073097229006,"z":-3.0025975704193117},"rotation":{"x":0.27819132804870608,"y":-0.023912038654088975,"z":0.00692812679335475,"w":0.9602041840553284},"size":0.4784353971481323,"orthographic":false}