{"cameraMode":{"drawMode":0,"name":"Shaded","section":"Shading Mode"},"sceneLighting":false,"audioPlay":false,"sceneViewState":{"showFog":true,"showMaterialUpdate":false,"showSkybox":false,"showFlares":true,"showImageEffects":true,"showParticleSystems":true},"in2DMode":false,"pivot":{"x":0.059999942779541019,"y":0.039999961853027347,"z":0.04000002145767212},"rotation":{"x":0.3080040216445923,"y":-0.1375235766172409,"z":0.04497260972857475,"w":0.9404052495956421},"size":2.364520788192749,"orthographic":false}