{"cameraMode":{"drawMode":0,"name":"Shaded","section":"Shading Mode"},"sceneLighting":true,"audioPlay":false,"sceneViewState":{"showFog":true,"showMaterialUpdate":false,"showSkybox":true,"showFlares":true,"showImageEffects":true,"showParticleSystems":true},"in2DMode":false,"pivot":{"x":-0.1359502077102661,"y":1.376205563545227,"z":-3.0603621006011965},"rotation":{"x":-0.18140500783920289,"y":-0.0053070709109306339,"z":0.0010693746153265238,"w":-0.9834925532341003},"size":0.9998411536216736,"orthographic":false}