{"cameraMode":{"drawMode":0,"name":"Shaded","section":"Shading Mode"},"sceneLighting":false,"audioPlay":false,"sceneViewState":{"showFog":true,"showMaterialUpdate":false,"showSkybox":false,"showFlares":true,"showImageEffects":true,"showParticleSystems":true},"in2DMode":false,"pivot":{"x":0.0,"y":5.7208251953125,"z":-2.9802322387695315e-8},"rotation":{"x":0.07633735239505768,"y":-0.04784131422638893,"z":0.0036670889239758255,"w":0.9959295988082886},"size":1.0592745542526246,"orthographic":false}