{"cameraMode":{"drawMode":0,"name":"Shaded","section":"Shading Mode"},"sceneLighting":true,"audioPlay":false,"sceneViewState":{"showFog":true,"showMaterialUpdate":false,"showSkybox":true,"showFlares":true,"showImageEffects":true,"showParticleSystems":true},"in2DMode":false,"pivot":{"x":0.7745137810707092,"y":3.4863545894622804,"z":-3.191560745239258},"rotation":{"x":0.08538132160902024,"y":0.021236548200249673,"z":-0.0018224582308903337,"w":0.9961417317390442},"size":1.6887601613998414,"orthographic":false}