{"cameraMode":{"drawMode":0,"name":"Shaded","section":"Shading Mode"},"sceneLighting":true,"audioPlay":false,"sceneViewState":{"showFog":true,"showMaterialUpdate":false,"showSkybox":true,"showFlares":true,"showImageEffects":true,"showParticleSystems":true},"in2DMode":false,"pivot":{"x":-0.5658343434333801,"y":1.234806776046753,"z":-0.9320338368415833},"rotation":{"x":-0.0008842400275170803,"y":-0.16664689779281617,"z":0.00017039841623045504,"w":-0.9861077666282654},"size":0.04178180918097496,"orthographic":false}